{"name": "Camera", "Focal Length": 50.0, "Location": [0.0, 82.85834503173828, 14.704192161560059], "Rotation": [1.5589913129806519, 0.1659335196018219, 3.141590118408203], "Perseption": "PERSP", "shift_x": 0.0, "shift_y": 0.0, "sensor_width": 36.0, "sensor_height": 24.0, "sensor_fit": "AUTO", "resolution_y": 1600, "resolution_x": 1600, "pixel_aspect_x": 1.0, "pixel_aspect_y": 1.0, "resolution_percentage": 100, "scale": [1.0, 1.0, 1.0]}