{"name": "Camera", "Focal Length": 50.0, "Location": [0.0, 14.500959396362305, 69.46870422363281], "Rotation": [0.2909933030605316, -0.19690358638763428, 3.141590118408203], "Perseption": "PERSP", "shift_x": 0.0, "shift_y": 0.0, "sensor_width": 36.0, "sensor_height": 24.0, "sensor_fit": "AUTO", "resolution_y": 1600, "resolution_x": 1600, "pixel_aspect_x": 1.0, "pixel_aspect_y": 1.0, "resolution_percentage": 100, "scale": [1.0, 1.0, 1.0]}