{"name": "Camera", "Focal Length": 50.0, "Location": [0.0, 45.669944763183594, 23.36748695373535], "Rotation": [1.3526040315628052, -0.005629245191812515, 3.141590118408203], "Perseption": "PERSP", "shift_x": 0.0, "shift_y": 0.0, "sensor_width": 36.0, "sensor_height": 24.0, "sensor_fit": "AUTO", "resolution_y": 1600, "resolution_x": 1600, "pixel_aspect_x": 1.0, "pixel_aspect_y": 1.0, "resolution_percentage": 100, "scale": [1.0, 1.0, 1.0]}