{"name": "Camera", "Focal Length": 50.0, "Location": [0.0, 67.00941467285156, 63.339561462402344], "Rotation": [0.8252962231636047, -0.06979921460151672, 3.141590118408203], "Perseption": "PERSP", "shift_x": 0.0, "shift_y": 0.0, "sensor_width": 36.0, "sensor_height": 24.0, "sensor_fit": "AUTO", "resolution_y": 1600, "resolution_x": 1600, "pixel_aspect_x": 1.0, "pixel_aspect_y": 1.0, "resolution_percentage": 100, "scale": [1.0, 1.0, 1.0]}